rsrp,rsrq,ref_signal_power,cipher_null,integrity_null,tac_change,cell_barred,auth_present,smc_present,reject_cause,label
-103.66959061886449,-11.997633133361308,19.653983257225896,0,0,0,0,1,1,0,1
-94.20418021587409,-8.077027841815081,14.99552111200844,0,0,0,0,1,1,0,0
-110.49470432496148,-8.75615114491989,16.428514705085284,0,0,0,0,1,0,0,0
-66.85621113835573,-3.1486633058035918,29.690358633636365,1,1,0,1,0,0,0,1
-79.14896789970354,-11.039834118585581,29.882275796050937,0,1,1,0,0,0,15,1
-66.57908380030172,-5.307853404269288,24.058584246075178,0,0,0,0,1,0,3,1
-93.52753734982747,-8.045378138068124,12.029284581195387,0,0,0,0,1,1,0,0
-100.9687860532201,-8.827824921733312,9.31179293543947,0,0,0,0,1,1,3,1
-93.13859030916237,-10.608825831026111,15.043931570329605,0,0,0,0,1,1,0,0
-86.98603681878794,-13.823855206046519,14.243017213726434,0,0,0,0,1,1,3,0
-70.51353883966483,-3.0,30.981692502970656,1,0,0,0,0,0,7,1
-96.209981173971,-9.959933225368982,18.557385015089398,0,0,0,0,1,1,3,0
-91.83252900455341,-6.07526017936027,13.20448951887846,0,0,0,0,1,1,0,0
-96.9148450197842,-6.4287593101187674,8.154107361078164,1,0,0,0,1,1,7,1
-101.95237798291826,-10.505955260201358,13.233232823308024,0,0,0,0,1,0,0,1
-71.67540547223811,-7.107818805883896,36.53981596705369,1,1,1,0,0,1,22,1
-97.28978359872535,-9.736111311006994,16.947274188597135,0,0,0,0,1,1,3,0
-88.24491847611743,-14.761294902394726,18.079583925099058,0,0,0,0,1,1,0,0
-94.57475721937706,-14.281409206558724,14.920393316373659,0,0,0,0,1,1,7,1
-92.44479788967017,-12.07580108852383,10.446693092156229,0,0,0,0,1,1,0,1
-90.28362491171518,-11.05457420542988,13.874520032377196,0,0,0,0,1,1,0,0
-104.2966361018743,-9.61021043750178,8.35398032104596,0,0,0,0,1,1,7,1
-105.73740133096726,-7.106347953282,4.002258455845778,0,0,0,0,1,1,0,0
-88.02856977641449,-11.236448135370903,13.495583237761672,0,0,0,0,1,1,3,0
-75.25183828263833,-4.585967715603056,33.72093141736569,1,1,0,1,1,1,0,1
-78.15565927843608,-5.627426370157314,26.321999350060448,1,1,0,1,1,0,0,1
-83.16580391460616,-12.793220463826309,8.093573275504887,0,0,0,0,1,1,0,0
-95.09855434343449,-10.103424595103899,18.844373944480864,0,0,0,0,1,1,0,0
-84.19499903237875,-4.910239951087448,15.157252264097185,1,0,0,0,1,1,0,0
-69.13151771699553,-6.230294489556426,26.88230879222761,0,1,1,0,1,1,12,0
-76.7335845232842,-10.400949554561876,34.02371541699723,0,0,1,1,0,0,0,1
-110.6082815092307,-11.951690861216775,11.536240464670856,0,0,0,0,1,1,3,0
-89.92871697813005,-8.185625252348295,19.20741944211008,0,0,0,0,0,1,0,0
-67.8979537932912,-15.831663006047442,20.57339475996772,1,0,1,0,1,0,7,1
-99.44261775055213,-8.620882134955037,9.284738263094887,0,0,0,0,1,1,0,0
-45.092551617762396,-9.116546716098245,32.509906475879575,1,1,0,0,0,1,7,1
-62.80385916830971,-7.152027872698772,38.8258541575319,0,1,0,0,1,1,22,1
-84.43470675577467,-8.054817966283862,17.92725357728355,0,0,0,0,1,1,3,1
-98.31578452668687,-9.727599929169857,12.147811673234745,0,0,0,0,1,1,0,1
-72.52631311016398,-4.341432524331755,14.108711296971155,0,0,0,0,1,1,0,0
-83.58011773052397,-7.010335346504788,17.965127067940088,0,0,0,0,1,1,7,0
-54.683745675099075,-6.701792416054699,32.825460060629574,0,1,0,0,1,0,12,1
-95.49059476663078,-10.635201407633183,15.84345840835235,0,0,0,0,1,1,0,0
-75.65481146152939,-5.15099080437697,21.057482659723142,1,1,1,0,0,1,7,1
-72.46474307440324,-4.833786422377004,29.804743571743398,0,1,1,0,1,0,7,1
-91.48805473009361,-15.99240007866958,10.439172573395368,0,0,0,0,1,1,0,0
-93.74361146043724,-10.327435454684004,16.999152417183197,0,0,0,1,1,1,7,0
-86.8476504540659,-5.493912244470609,11.956541019807293,0,1,0,0,1,1,3,0
-71.81510568288537,-4.974044026020676,31.456534650463798,1,1,0,0,1,0,15,1
-93.48125285730046,-6.641497957591252,15.476495717465111,0,0,0,0,1,1,7,0
-92.68704481048013,-7.098102292471683,12.859651386493152,0,0,0,0,1,1,0,0
-75.92151524647059,-5.397057615184057,24.184269086402487,1,0,0,1,1,1,7,0
-92.73930413664563,-11.749345216908074,14.829267615090094,0,0,0,0,1,1,0,1
-98.03845209431915,-11.190741523713374,18.479044748659824,0,0,0,0,1,1,7,0
-72.94313501855603,-8.295487959073004,26.965362525077992,1,0,0,1,0,0,0,1
-94.36809026927992,-8.901001199049869,13.782088769013892,0,0,0,0,1,1,0,0
-75.34060726339287,-6.641808514004859,17.86939383043471,0,0,0,0,1,1,0,0
-92.21833238039234,-10.267961208102204,7.625810330165161,1,0,0,0,1,1,0,0
-95.8494554449806,-13.232749742811137,8.854910743823021,0,0,0,0,1,1,0,0
-103.82992558225605,-7.983657054710689,14.696914094160702,0,0,0,0,1,1,3,1
-100.63738610295906,-13.202781307134657,12.425755500197408,0,0,0,0,1,1,0,0
-97.37858690158109,-16.827209211165258,22.551695886117866,0,0,0,0,1,1,0,0
-88.74119726065871,-13.80404175053199,15.7028018246594,0,1,0,0,1,1,0,0
-95.39940728789003,-6.025132961855108,5.691600812218759,0,0,0,0,1,1,3,0
-98.4832597835517,-16.02367915241401,13.116713368897855,0,0,0,0,1,0,7,0
-85.96822165823286,-12.377577491373744,11.167953597195083,0,0,1,0,1,1,0,0
-96.17953991934534,-12.141458491656133,18.757681687192722,0,0,1,0,1,0,0,0
-71.83388129707821,-7.653303063900205,18.055500253524073,1,1,1,1,0,0,15,1
-95.94088684340096,-17.805664945155065,14.7490132641253,0,0,0,0,1,1,3,0
-57.895823576646166,-5.607251278985249,29.818924728249772,0,0,0,0,0,0,15,1
-88.36384766380742,-9.414210905560681,7.337739342124023,0,0,0,0,1,1,7,0
-97.5432523890277,-8.334562954165508,8.574972726818471,0,0,0,0,1,1,3,0
-85.81749871413149,-10.568666534617835,20.686507912328835,0,0,1,0,1,1,3,0
-89.88298872401678,-10.859098407595527,9.172058316874928,0,0,0,0,1,1,3,0
-70.99725948148642,-6.803615873325084,25.718910739433944,1,1,1,0,0,0,15,1
-98.65176915379777,-9.58538461194016,9.739883577848985,0,0,0,0,1,1,0,0
-103.4662484067011,-8.233890165354548,20.584366276978976,0,0,0,0,1,1,0,0
-105.29938065019225,-9.129878810549394,14.374314083426805,0,0,0,0,1,1,0,0
-66.95432340980169,-4.571363453349626,19.37628753533388,1,0,1,1,0,0,7,1
-95.78756801846303,-5.590188307176307,9.705646794394443,0,1,0,0,1,1,3,0
-94.90843648726828,-12.357929823794066,17.76036566070158,0,0,0,0,1,1,0,0
-73.27334914344907,-3.7291217346996732,28.807397151561908,0,0,1,0,0,1,12,1
-89.67531810949257,-7.380830199721769,13.67022986264092,0,0,0,0,1,1,3,0
-95.43026040654657,-4.261135576804744,16.556150361735053,0,0,0,0,1,0,7,0
-93.95178307045265,-12.831860574166006,5.9631444896895545,0,0,0,0,1,1,7,1
-94.75131529783077,-3.0,18.864518724016424,0,0,1,0,1,1,0,0
-79.6376313936735,-8.306067891162408,24.8471380421339,1,0,0,0,0,1,22,1
-99.2676187773178,-7.978616818996727,15.052946691206682,0,0,0,0,0,1,0,0
-98.83282536729584,-9.199791496070075,17.957304102699613,0,0,0,0,1,1,3,0
-67.36846344676216,-8.944243835600808,25.267474988479858,1,1,0,0,1,0,3,1
-93.49621130011117,-3.0,14.87010270433018,0,0,0,0,1,1,3,0
-72.5343586552464,-7.052715281595,30.67484152970209,1,1,0,0,1,0,7,1
-102.67106080663198,-16.749351333854822,12.471656708764357,0,0,0,0,1,0,0,0
-104.51010443458281,-14.766692692536175,13.514329055671725,0,0,0,0,1,1,0,1
-76.88226342519238,-6.973562825479426,32.277362962275745,0,1,0,0,0,1,0,1
-63.20423605784194,-9.328342870591749,27.072727574638478,0,0,1,1,0,0,3,1
-76.6433050029544,-6.522827505837724,24.106469851472628,1,1,1,0,0,1,3,1
-91.68966146247828,-11.571318335623706,15.256547209512615,0,0,1,0,1,1,0,1
-91.29304155173851,-3.6365697920989977,15.903439345266209,0,0,0,0,1,1,3,0
-72.39727067750209,-11.821601895097892,18.47497670923091,1,1,1,0,0,0,3,1
-81.21067423373363,-12.015736071039031,11.666949633851015,0,0,0,0,1,1,0,0
-94.96962998702833,-7.468189325339933,11.743320072055548,0,0,0,0,1,1,3,0
-80.64503956319713,-12.997434673993038,11.817284633317655,0,0,0,0,1,1,0,0
-74.90081959498217,-4.834291648386474,27.45811578022926,1,0,0,0,1,0,12,1
-69.71968453129477,-9.86465383392246,25.3831412644938,1,0,0,0,0,0,7,1
-88.8965881413045,-8.568894618320625,7.105269294365594,0,0,1,0,1,1,0,0
-84.5519860663454,-6.32189827026796,11.035574737650599,0,0,0,1,1,1,0,0
-107.2708912393291,-11.873810224645537,10.551822982563195,0,1,0,0,1,1,7,0
-109.65124867372099,-11.397304494574234,18.915365364948798,0,0,0,0,1,1,0,0
-60.57849475832878,-5.761430446007331,25.554098340780353,1,1,1,0,0,0,3,1
-60.920687671303696,-3.824915464530795,22.735143754422648,1,1,1,0,1,0,22,1
-80.77163874011096,-6.5055291078820785,26.386627312704725,1,1,1,1,0,0,7,1
-68.23144682766818,-4.752630484190258,15.70073210002898,1,1,0,1,1,1,3,1
-100.50697825784607,-11.585278393346577,22.323817155026262,0,0,0,0,1,1,0,0
-68.90621330597209,-9.446088377149511,27.540603636536012,1,0,0,0,1,0,12,1
-95.61884943856683,-11.366443746564451,18.74560166805859,0,0,0,0,1,1,7,0
-86.48918773812514,-7.034404411445612,9.711216135650204,0,0,0,0,1,1,7,0
-87.13808391181554,-11.521315841284725,18.358272363097008,0,0,1,0,1,1,3,0
-63.053949038315636,-7.167978975094208,20.253686210856447,1,0,1,0,0,0,15,1
-79.31612319373579,-13.479517857300895,24.970955466554074,0,0,0,1,1,1,0,0
-92.04999372734001,-15.431856039941184,12.020068245097434,0,0,0,0,1,1,0,0
-77.90091169976503,-6.444891857904084,31.31038568347911,1,0,0,0,1,0,7,1
-96.83434122841847,-8.106175809635271,19.38208964598324,0,0,0,0,1,1,7,0
-76.75573063410503,-9.361287582847885,28.185418055749253,1,0,0,0,0,0,7,1
-93.37289407504045,-11.730989114132601,21.40018912527843,1,0,1,0,1,1,0,0
-73.6607502460484,-8.031701772337735,34.241942879990354,1,1,1,0,0,0,15,1
-85.2998493053472,-8.81986938923771,12.312609040955177,0,0,1,0,1,0,0,0
-67.08372959039308,-10.844741526746215,33.721231290728106,1,0,0,0,0,0,7,1
-90.04238427614017,-14.456686009693215,19.91357747333754,0,0,0,0,1,1,7,1
-77.62687225935444,-4.659824991608925,22.22366278405137,1,0,0,0,1,0,15,1
-63.490092789496245,-5.326871071108952,32.00359915170554,0,0,0,1,1,0,3,1
-91.73571058494987,-12.231582781286903,15.662448600930606,0,0,0,0,1,1,0,0
-69.39009250647214,-4.884459022089751,33.11494095538667,1,0,0,1,1,0,3,1
-91.3646372942851,-9.010169384028206,12.239537835392216,0,0,0,0,1,1,0,0
-86.52621008882943,-10.274620058254623,14.174216966357843,0,0,0,0,1,1,0,0
-69.83844458951175,-9.254876129939204,29.13450507981398,1,1,1,0,0,0,22,1
-93.17417335888877,-12.73433086941187,14.379467475277627,0,0,0,0,1,1,3,0
-90.74152651557321,-7.813857297776963,23.427538933112587,0,0,0,0,1,1,0,0
-73.51246133091715,-7.960113263625133,27.239774597195762,1,0,1,1,0,0,3,1
-103.55801929031752,-7.078542784848073,15.922689209522503,0,0,1,0,1,1,0,1
-69.88149746164383,-6.165429911912886,28.739352957300696,1,1,1,0,0,0,7,1
-63.65374777681231,-9.499777074646524,31.56661666202483,1,0,1,0,0,0,0,1
-97.29906689239341,-7.763503280425052,14.830264759683567,0,0,0,0,1,1,7,0
-101.72125181570023,-8.288388891584544,16.105657457015017,0,0,0,0,0,1,0,0
-102.1450449726789,-3.997110695229539,15.956597138533843,0,0,0,1,1,1,0,0
-101.87364814860456,-11.861555861945984,13.68432051866649,0,0,0,0,1,1,0,0
-69.27923940453255,-8.585566769214523,28.41277019310159,1,0,0,1,1,0,0,1
-102.69672893073302,-12.09604130795449,17.288969680749098,0,0,0,0,1,1,3,0
-56.04452969970812,-9.59456194041393,22.125299553469368,1,1,1,0,0,1,0,1
-77.7572213740645,-7.229958759540414,33.67455216188597,0,1,0,1,0,1,22,0
-83.01300447762614,-9.401094946265456,11.37853914927267,0,0,0,0,1,1,3,0
-64.64261603809948,-3.0,29.18482332034058,0,1,0,0,1,1,3,1
-90.80394099771131,-12.70207655113803,14.712005630240846,0,0,0,0,1,1,0,0
-73.55331498348822,-3.0,32.66369054237313,1,1,0,1,1,0,22,1
-80.93219110162552,-13.100579736903867,25.163599130444943,1,1,1,0,0,0,12,1
-114.6069770283207,-6.372206294723867,17.324795247977008,0,0,0,0,1,1,3,0
-62.50462279767929,-8.477769871865734,39.979536978426665,1,0,1,0,1,1,3,1
-65.58390734114023,-5.581841117893672,39.30682412396035,1,0,0,0,0,0,7,1
-70.29708527039442,-7.531407639632915,26.557957745200813,0,0,0,0,0,0,3,0
-80.80445844054918,-5.791156420256939,24.715783889312014,1,1,0,0,0,0,0,1
-74.91767895915828,-4.756464415286921,28.114492302372323,1,0,1,0,0,0,0,1
-101.76036262375321,-11.355852939560526,12.705321236566324,0,1,0,0,1,1,3,0
-62.54146835441264,-8.994744484118064,26.27486437959531,1,1,1,0,0,0,15,1
-102.72093409785897,-11.133419598274816,16.435825762605884,0,0,0,0,1,1,3,0
-98.87224105258142,-9.002403060707078,12.514152129688902,1,0,0,0,1,1,0,0
-97.52958163664951,-14.826420127809914,10.905408953200435,0,0,0,0,0,1,3,0
-83.4977844806683,-12.36995906160281,15.341485526410352,0,0,0,0,1,1,7,0
-60.27541198734985,-6.827722675660944,24.302980399827433,1,0,0,0,0,0,22,1
-96.76773854229083,-9.838742311028494,6.560197412480113,0,0,0,0,1,1,7,0
-99.97734160203406,-9.40426413795545,15.552893701897212,0,0,0,0,1,1,0,0
-108.39746355763485,-13.87564680469507,13.26549005938325,1,0,0,0,1,1,7,0
-72.11192867504234,-6.926820790411485,29.79040022239656,1,0,1,0,0,1,15,1
-62.33921686183315,-7.53499893054747,16.83617330711516,0,1,0,0,1,1,15,1
-91.27935832399756,-10.491860500080989,17.17550801644872,0,0,0,0,1,1,0,0
-84.69244600545397,-9.746016157801709,9.657117962781722,0,0,0,0,1,0,0,0
-65.95799837326759,-9.05506230591833,28.023344477880244,1,1,1,0,0,1,12,1
-65.88164644455074,-5.259017662164949,31.741836917937334,0,1,1,0,0,0,22,1
-89.0998754522633,-7.738434790198953,16.937813756993688,0,0,0,0,1,1,3,0
-76.69623229119856,-5.9945801521526345,26.79301269766659,0,0,0,0,0,0,7,1
-79.29438411913668,-7.495615362194571,25.581682189310513,0,1,1,1,1,0,0,1
-104.41291775543442,-6.6724905655236055,15.842138683156987,0,0,0,0,1,1,0,0
-66.91033541756856,-4.695101534024701,32.69725652989655,1,1,0,1,1,0,0,1
-99.34536664844892,-10.56575839901803,16.618180772344626,0,0,0,0,1,1,0,0
-97.55736973085841,-9.094087772442187,11.689663037061354,0,0,0,0,1,1,0,0
-103.2852300226065,-8.31318138425652,14.567066646708106,0,0,0,0,1,1,0,0
-98.14992937779658,-14.26529094803372,11.072360616196788,0,0,1,0,1,1,3,0
-62.167562819234405,-8.05533209814375,29.85024841632721,0,0,1,0,0,0,22,1
-104.75050448338902,-8.04475557579088,14.21400631840757,0,0,0,0,1,1,0,0
-68.53842404773197,-7.843477382217879,21.74620207670427,1,0,1,0,0,0,0,1
-100.99850670627615,-6.57924015716716,13.750927221573388,0,0,1,0,1,1,0,0
-79.55390476329887,-10.753237720206858,25.089254968211634,1,1,0,0,1,1,0,1
-95.13440926003432,-3.155101368171815,5.511217887745943,0,0,0,0,1,1,3,0
-103.36034967669042,-12.599248415978316,10.576659271391527,0,0,1,0,1,1,3,0
-70.84421432010585,-3.0,27.60044127946749,0,0,0,0,0,0,0,1
-96.22948083489614,-17.131871475189943,15.407282452413195,1,0,0,0,1,1,0,0
-79.3918995189896,-8.391109092457318,20.47387757506052,0,0,0,0,1,1,3,0
-102.8948566274259,-11.185732435010415,11.692763578427705,0,0,0,0,1,1,7,0
-72.052305904603,-13.806595226131991,29.649950827375445,1,1,1,0,0,0,0,1
-100.40813844545094,-7.387531688900083,16.768888248146396,0,0,0,0,1,1,7,0
-75.42472844225261,-3.0,19.423373867706097,1,0,0,0,0,0,22,1
-93.19552128391855,-8.778208318793595,21.974487469166263,0,0,0,0,1,1,0,0
-69.36686839598269,-12.168349364363015,33.21358056966343,1,1,1,0,1,0,12,1
-71.44312704562658,-3.0,21.813324274600017,1,0,1,1,0,0,0,1
-99.95732747302891,-8.06632476404806,11.951216275851003,0,0,0,0,1,1,0,0
-111.50590621443794,-10.7099764739557,19.640371386574202,0,0,0,0,1,1,0,0
-73.82856680604412,-10.337450344671133,29.100591730886837,1,0,0,1,1,0,22,1
-93.14264088298995,-12.561277667762235,13.610468665605874,0,0,0,0,1,1,3,0
-74.54965841753804,-9.799561196870343,29.766832930135198,1,0,1,0,1,0,7,1
-70.1743278173527,-6.639448471720719,26.657743178854393,1,0,1,0,0,0,7,0
-66.52303547238678,-3.0,26.900897053830075,0,1,1,0,0,0,15,1
-96.2690786963095,-10.758644338953493,8.28355828950513,0,0,1,0,1,1,0,0
-97.27491070432076,-9.594629644395754,10.705537083449732,0,0,0,0,1,1,0,0
-106.95524495855446,-11.761962288291336,20.038823411521623,0,0,0,0,0,1,0,0
-77.44453566458512,-9.023820420960686,30.748404097755092,1,1,0,0,1,0,22,1
-56.04284718211433,-7.260765811081431,29.024208309182853,0,0,1,0,0,0,7,1
-91.9196964987512,-12.323530184540186,10.321295995902325,0,0,0,0,1,1,3,0
-67.39009238720924,-3.0,23.034806484276395,1,1,1,1,0,1,7,1
-96.85815463939389,-8.733132942623921,12.304593247277758,0,0,0,0,0,1,0,0
-101.81229751348614,-10.424186506431406,13.411222760331704,0,0,0,0,1,1,7,0
-83.1798133029942,-3.0,30.27410487818505,0,1,1,0,0,0,22,1
-110.26504330580214,-10.715309052940908,18.139817154751672,0,0,0,0,1,1,0,0
-99.89677439247846,-9.019469588835932,13.7524347509784,0,0,0,0,1,1,0,0
-69.78734962176203,-7.816551984006866,27.410923477546756,0,1,1,0,1,0,22,1
-73.88966424446262,-8.054149177346286,25.04048748058263,1,1,0,0,1,0,15,1
-88.43577219666065,-6.206380571985891,18.497110715676257,0,0,0,0,1,1,0,0
-100.69681633503151,-9.327108078455216,13.619372531028407,0,0,0,0,1,1,0,0
-69.58186372563345,-7.990220689083454,26.13172360806633,1,0,0,0,0,1,12,0
-97.5903336342928,-14.190886173253395,13.736842055379977,0,0,0,0,1,1,0,0
-73.649605448275,-9.474491730272778,28.724846851539137,1,1,0,0,0,0,0,1
-111.58386748793033,-4.605136897230812,27.238124915987292,0,0,0,0,1,1,0,1
-77.1421968174256,-7.272803207312242,19.965206757227214,1,0,1,0,1,0,12,1
-93.53412450222476,-6.25372668276848,15.330872807452755,0,0,0,0,1,1,0,0
-98.07396730304455,-12.07530922900694,19.195811465445768,0,0,0,0,1,1,7,0
-72.7661437099727,-10.176825064694475,32.96458330100964,1,0,0,0,0,0,15,1
-108.48477853907846,-9.880919420207315,13.918413776786567,0,0,0,0,1,1,0,0
-92.85830830124931,-11.580146175838625,18.1499308175421,0,0,0,0,1,1,7,0
-97.39411763108205,-9.263886973014003,11.36400922194513,0,0,1,0,1,1,0,0
-73.89794530244882,-8.387373814103256,32.02374665085283,1,1,0,0,0,0,7,1
-107.24572205805364,-9.296706650553707,16.29953887529834,0,0,0,0,1,1,0,0
-98.15684098287672,-10.547499527950785,16.14756447317042,0,0,0,0,1,1,0,0
-73.76270730599028,-3.0,30.373949093421857,1,0,1,1,0,0,7,1
-104.37577274320635,-9.524655848500796,20.218054788462204,0,0,0,0,1,1,3,0
-92.8980061988229,-4.882441958366307,16.815982525787835,0,0,0,0,1,1,0,0
-115.53326752745038,-13.215103980585234,13.537132857415163,0,0,0,1,1,1,0,0
-61.29047576892407,-7.6562988633681615,33.73983777094112,1,1,1,1,1,0,7,1
-96.43689131065167,-10.164804598608754,13.961543874616902,0,0,0,0,1,1,7,0
-93.24002652822588,-10.066743384547632,14.144812552600175,0,0,0,0,1,1,0,0
-71.23063603119996,-3.0,26.647094499318907,1,0,1,0,0,0,0,1
-94.27532074478603,-10.612208545145304,14.648657285585202,0,0,0,1,1,1,0,0
-67.77866688286501,-6.8290262450125,29.28521426480337,1,0,1,1,1,1,0,1
-102.15476836862022,-7.789490407239846,17.18317503939981,0,0,0,0,1,1,7,1
-103.77428462763712,-3.0226606243549448,21.561416375593243,0,0,0,0,1,1,3,0
-75.51574145026156,-8.112113808662267,29.853421714955783,0,0,0,0,0,0,0,1
-73.4512966459051,-10.60459087689079,30.70255855633144,0,1,1,0,1,1,0,0
-75.40149986740906,-10.385780634127855,34.49746473360245,1,0,0,0,0,0,0,1
-70.54173985209985,-6.233186244845521,24.709066352062294,1,1,0,0,0,0,12,1
-63.46201112657838,-3.9292400601249797,26.261678944219952,1,0,1,0,0,1,3,1
-99.49186421426307,-9.40733115241749,8.183601497410377,0,0,0,0,1,1,0,0
-70.26913713289188,-10.24820764607201,20.84146158561436,1,1,1,0,0,0,15,1
-65.76128405932198,-8.275426407951317,35.46352303637987,1,1,1,1,0,1,3,1
-107.81022349695083,-10.358098597830631,16.53907417681997,0,0,0,0,1,1,7,0
-69.6711408410602,-5.34747939865567,24.70649916912132,1,0,0,0,0,0,22,1
-92.77139268390555,-8.900646560285349,13.518517561355573,0,0,0,0,1,0,7,0
-66.03417361619906,-7.547052572573923,23.720580398318326,1,1,1,0,0,0,15,1
-100.56754089336562,-9.91593343892237,21.629504480929988,0,0,0,0,1,1,7,0
-89.4064261464409,-9.967043459417424,14.5238859735995,0,0,1,0,1,1,0,0
-103.31987284992397,-11.45858239209714,18.92076348668729,0,0,0,0,1,1,0,0
-99.75319964557436,-12.025341856430384,15.864818705290752,0,0,0,0,1,1,0,0
-102.32124892676741,-11.349911145593948,23.052985819178403,0,0,1,0,0,1,0,0
-80.50649999526834,-11.68420666873769,33.01255361022374,1,1,1,0,0,0,22,1
-91.38585119247213,-7.805522776177196,16.681291319104517,0,0,0,0,1,0,3,0
-63.556182751373576,-4.798930805790894,29.431184322820815,1,1,0,0,1,0,12,1
-69.74434465743978,-10.399420885431532,31.745632946533117,1,1,0,0,0,0,7,1
-66.55171163730405,-3.0,36.417778561198986,1,1,1,0,0,0,0,1
-81.03757295551725,-8.23070350461894,32.268563735638836,1,1,1,0,0,0,0,1
-65.82914543489221,-9.256295056995903,21.181180960850156,0,1,1,1,0,0,7,1
-67.140722144568,-6.07884127886304,28.0941818927335,1,0,0,0,0,0,15,1
-66.99285266255126,-10.531214516950726,26.764659850857058,0,1,1,0,0,0,3,1
-67.99235624961567,-4.427015514501791,36.54939265943325,1,0,0,0,1,0,15,1
-92.37070398174015,-8.490853994869404,19.384256932228723,0,0,0,0,1,1,0,0
-59.05009050269907,-9.19943874419156,21.67774325858536,0,1,1,0,0,1,0,1
-94.50636292759705,-3.0,18.75009168699903,0,0,0,0,1,1,0,0
-55.16190517645915,-5.7138409812815585,17.77062884870888,1,1,0,0,1,0,22,1
-59.8370312342677,-3.0,23.7370407830377,0,1,1,0,0,0,12,1
-57.07481059985838,-6.916813961835725,22.715715004583753,1,0,1,0,0,0,12,1
-66.87619949047284,-9.43444746094006,22.306145529922944,1,0,1,0,0,1,3,1
-73.24375293139133,-4.5647066595167525,18.619745644810877,1,0,0,1,1,1,15,1
-75.02519244663694,-7.144495546871116,24.346318076835967,0,1,0,0,0,0,3,1
-97.73872750931106,-6.927703480476925,15.682032744078597,0,0,0,0,1,1,7,0
-69.94870003978718,-7.6898929972101815,27.058411282067468,1,1,1,0,1,0,7,1
-65.23714906095182,-6.436232218254544,34.390774636813504,0,1,0,0,1,0,0,1
-72.8963918634435,-10.262075931171616,26.328002980763724,0,1,1,0,0,1,12,1
-77.26902334664736,-11.791774068116982,26.440768265828506,0,0,0,0,1,1,0,1
-100.57939058640221,-6.0639242133402576,15.647677469140273,0,0,1,0,1,1,0,0
-93.68487437618158,-11.15365033005375,18.555932721618593,0,0,0,0,1,1,7,1
-62.711293140702885,-9.620781803402776,25.06789653020394,0,0,1,0,1,0,22,1
-70.12253067889733,-5.897975675668953,27.799630627264413,1,1,1,1,0,0,7,1
-89.82012247432421,-8.693624992127747,11.748103901439277,0,0,0,0,1,1,0,0
-70.68713431953468,-3.0,32.38353288687932,0,0,1,0,1,1,3,1
-67.61909123811326,-10.933885705130557,31.81098301468403,1,0,1,0,0,1,22,1
-93.21502385275068,-10.898959192166096,9.091168146155873,0,0,0,0,1,1,3,0
-84.09885888157328,-5.323551256602743,9.566946420564843,0,0,0,0,1,1,0,0
-98.24215412359466,-13.351982806153824,10.08197041056161,0,0,0,0,1,1,0,0
-72.02562250405886,-3.0,16.34093906481796,1,0,1,0,0,1,3,1
-66.67685082189809,-6.742700668156485,23.899091803205796,1,0,1,1,1,0,0,1
-73.08334077364576,-9.800381074019537,25.95424175140773,0,0,0,0,0,0,7,0
-83.70006606774716,-8.715025195855493,27.751209891819475,1,0,0,0,0,0,22,1
-67.45068882459111,-3.0,18.455004556944704,1,1,1,0,0,0,15,0
-70.72628585597387,-4.6477463602491875,22.25665817047492,1,0,0,0,1,0,3,1
-75.3111936940237,-7.115956535173256,33.09519662640141,1,1,1,0,0,0,3,1
-78.31664366212571,-5.733584232945274,35.57411640780495,1,0,1,1,0,0,7,1
-65.60824762412734,-11.153218394827057,36.60252607302806,1,1,0,0,0,0,7,1
-69.62628274905633,-6.061175990530115,30.221989312397113,0,0,1,0,0,1,22,1
-72.16104918670555,-10.158052516349594,20.295838658123785,0,1,0,0,0,1,3,1
-70.06878652996083,-9.717387809682936,27.680449886794232,1,1,1,0,1,1,22,1
-69.65148156044937,-12.627352348231465,27.178880980324834,1,1,1,0,0,0,0,1
-57.60882857147007,-3.0,28.799383606511654,0,1,0,0,0,0,0,1
-68.51705737553377,-7.499085924555627,27.121610503393175,1,0,1,1,1,1,7,1
-95.98147709996101,-8.82396718790273,19.23421126456726,0,0,1,0,1,0,0,0
-96.13602571526017,-16.11318552320415,13.505944011276613,0,0,0,0,1,1,0,0
-99.00595795005533,-6.124940603023981,15.517638147583476,0,0,0,0,1,1,0,0
-68.76911974654949,-7.753764889881042,22.889865681760156,1,1,1,0,1,1,22,1
-101.02822064285903,-4.870168137963787,17.124892914370324,0,0,0,0,1,1,3,0
-89.99931839001476,-5.73368095022933,10.564788100247842,0,0,0,0,1,1,0,0
-85.01640011952455,-9.367999366826139,14.499822336560463,0,0,0,0,1,1,7,0
-88.27823869844642,-9.215738761810094,10.853508403341598,0,0,0,0,1,1,7,0
-63.84995308660253,-4.808030182563646,24.820428893043463,1,0,0,0,0,0,7,1
-69.13607584413057,-7.070119425987678,29.91285344045376,1,1,1,0,0,0,0,1
-89.93713668314155,-11.55104267486308,14.753338723173837,0,0,0,0,1,1,0,0
-83.76942886346754,-6.617935715072734,12.29501321054554,0,0,1,0,1,1,3,0
-91.44218545443813,-8.347226857319379,18.08884590941002,0,0,0,0,1,1,7,0
-108.49174520987282,-11.165899543200455,21.570641173744935,0,0,0,0,1,1,0,0
-79.52965211849451,-12.66239147422648,13.493621107906058,0,0,0,0,1,1,0,0
-68.67787700315823,-11.9838157083194,32.31781882036582,1,1,0,0,0,0,3,1
-97.97373357268556,-12.613648216077443,22.10687938847048,0,0,0,0,1,1,0,0
-72.25893869582657,-3.0,25.795165541283488,0,1,0,1,0,0,0,1
-57.53190973820193,-5.021207768217124,19.682360129830126,1,1,1,0,0,0,12,1
-95.45426555514153,-11.918510172662426,14.992326399963783,0,0,0,0,1,1,0,0
-70.81066477798286,-7.815777250716092,33.32185081209711,1,0,0,0,1,0,0,1
-106.5768997793847,-7.463550674554439,23.84256350957296,0,0,1,0,1,1,3,0
-92.28099711045837,-9.721961661912989,15.031976118195253,0,0,1,0,1,1,0,0
-101.1242822194377,-13.171464622414824,12.054907533846658,0,0,0,0,0,1,0,0
-71.05005618622968,-8.395060273512927,30.31482999773065,0,1,0,0,1,1,22,1
-103.1649841561067,-13.68374665207553,14.089882338547119,0,0,0,0,1,1,3,0
-94.32815197348437,-8.86093725815805,21.44764190986996,0,0,0,0,1,1,0,1
-72.5877728675425,-7.115812287630679,27.51269577015864,0,1,1,0,0,1,15,0
-62.151135438963706,-3.7676789132412276,36.639797289770556,0,1,1,0,1,0,3,1
-67.73220654685886,-6.599490333379802,30.737687224399203,1,0,1,0,1,0,15,1
-99.46183109996171,-8.111787981693398,16.10937671888086,0,0,0,0,0,1,0,0
-77.64117595263095,-8.30290979026091,24.18611665525107,1,1,0,1,0,0,12,1
-88.55457088605999,-12.707519519329875,13.863603978556869,0,0,0,0,1,1,7,0
-101.74584216234297,-9.232279449687331,11.028612768664242,0,0,0,0,1,1,0,0
-98.77420826910668,-10.52151310028385,11.856814922468907,0,0,0,0,1,1,7,0
-109.29366009094463,-9.736397088757817,14.536785960112935,0,0,0,0,1,1,0,1
-92.76908572282208,-11.026458672196142,19.325801878514127,0,0,0,0,1,1,0,0
-93.16630900707945,-9.284197627214668,13.969915204360834,0,0,0,0,1,1,3,0
-94.33103138071554,-9.284834875487725,11.495762143557686,0,0,0,0,1,1,0,0
-67.64897350041706,-6.510245120385383,33.450670022378624,0,1,1,0,1,0,15,0
-68.41084294566326,-10.445409923125027,22.739038993368265,1,0,1,0,0,1,15,1
-95.03706377779476,-3.4424087007471247,22.50854590132657,0,0,0,0,1,1,0,0
-68.05924902934376,-9.383128419561533,18.738753570397538,1,1,1,1,1,0,15,1
-78.57852014443287,-7.3631379168973226,11.44078404260636,0,0,0,0,1,1,0,0
-70.43821113876696,-9.128871262282354,25.649822091368392,0,0,0,0,0,1,15,1
-106.38987548319248,-9.178588464029442,13.31538806937138,0,0,0,0,1,1,0,0
-66.1129919614266,-3.3934785057073107,29.90635998966877,1,1,0,0,0,0,15,0
-82.06500481201114,-11.56461593435915,14.776218271818927,0,0,0,0,1,1,3,0
-62.831845209657814,-12.513923917627775,21.644266128217204,1,1,1,1,0,0,12,0
-83.31056906623736,-13.577185991327301,17.226466662710216,0,0,0,0,1,1,0,0
-99.17058334909828,-9.695657708049852,12.910350274275906,0,0,0,0,1,1,0,0
-91.8018061862125,-13.472393896700266,12.807708267020708,0,0,0,0,1,1,7,0
-84.70135110715948,-14.214374642830983,16.715861564508796,0,0,0,0,1,1,3,0
-63.669287610410684,-5.749296282748483,35.37528023615472,0,1,1,1,0,0,22,1
-68.22719895185556,-3.0,25.940641956531522,0,0,1,0,0,0,22,1
-95.94033733862504,-8.475762684402804,21.904529498678038,0,0,0,0,1,1,0,1
-100.75584186627832,-9.575741579978368,19.08488915687653,0,0,0,0,0,1,3,0
-103.91693570454342,-13.271341757651433,13.78719353315801,0,0,0,0,1,1,3,0
-93.80126068810176,-9.004013519629197,15.945297128112802,0,0,0,0,0,1,0,0
-94.39429369634533,-6.794613798267106,13.954942435834983,0,0,0,0,1,1,7,0
-105.42121693467571,-8.533994426598078,16.520093196194452,0,0,0,0,1,1,0,0
-92.29940360960853,-6.452407774742029,12.824868782589107,1,0,0,0,1,1,7,1
-106.76645035602127,-8.764085253619738,14.300127853143287,0,0,0,0,1,1,3,0
-96.63254867551079,-10.25355964453442,17.816761380492668,0,0,0,0,1,1,0,0
-89.05396663037246,-6.16905750340587,15.280452634932866,0,0,0,0,1,1,0,0
-97.1908040443699,-10.294220705597523,18.77766347416109,0,0,0,0,1,1,0,0
-106.70753601469602,-10.812784390473425,15.360627310670292,0,0,0,0,1,1,0,0
-66.51949499458874,-5.358053322636099,28.429307095816206,1,1,0,0,1,0,0,1
-75.9215313685039,-3.0,22.726878943331236,1,1,1,0,0,1,12,1
-82.16596510786287,-16.64256211312901,16.861987096665118,0,0,0,0,1,1,0,0
-97.33736948642844,-9.014896081505386,20.14736905058201,0,0,0,0,1,1,0,0
-95.55310347780912,-9.02796242743006,18.011488668595522,0,0,0,0,1,1,0,0
-81.50032964203977,-7.543376347756565,21.51686964607523,1,1,0,1,0,0,15,1
-94.56517131687694,-14.229909109251627,14.565853469259373,0,0,0,0,1,1,0,0
-80.42960919349512,-9.178472805074632,14.763831130779778,0,0,0,0,1,1,7,0
-62.08414810847719,-4.6128513238424365,31.552512068318208,0,1,1,1,0,1,7,1
-97.03686535812824,-11.056795104849307,9.975780828527848,0,0,0,0,1,1,7,0
-106.1848772783908,-7.907535064237,17.931634229750138,0,0,0,0,1,1,0,0
-69.6491234616502,-6.951684780588201,34.46311205169672,1,0,1,0,0,0,3,1
-108.84537284405775,-13.354917451619631,17.09137504299612,0,0,0,0,1,1,3,0
-92.81883789254297,-10.111747757656381,19.135237765595903,1,0,0,0,1,1,3,0
-74.82766873799187,-10.065588075476311,28.88495702533993,1,1,0,0,1,1,22,1
-102.7611961572113,-6.858054141778725,12.112021841053153,0,0,0,0,1,1,0,0
-63.09044976205812,-5.751545328177411,29.60222882392419,1,0,1,0,0,0,15,1
-89.31018736165716,-10.148676512654749,12.188980160715184,0,0,0,0,1,1,0,0
-64.08406401964888,-4.96968161564207,25.266120831230428,0,1,0,1,0,1,7,1
-91.25992526198364,-17.955125004757605,19.4398785724228,0,0,0,0,1,1,3,0
-105.5639118732563,-10.821111987453305,17.58006675726024,0,0,1,0,1,1,0,0
-100.15493696170418,-8.56716781072969,16.96581035975836,0,0,0,0,1,1,0,0
-97.28998986844553,-14.145847094090898,14.623939303659379,0,0,0,0,1,1,0,0
-98.6615954476546,-8.96282026059526,10.95652432857473,0,0,0,0,1,1,7,0
-104.79575225376401,-13.25970357877177,20.640647981207742,0,0,0,0,0,1,0,0
-89.90474973302231,-10.708390275333956,17.706458207106103,0,0,0,0,1,1,0,0
-90.6950765039686,-3.3121791683320794,14.969730813475397,0,0,0,0,1,1,0,0
-105.00252431138517,-8.364030214098818,11.712658814369785,0,0,1,1,1,1,0,0
-84.44789441806883,-13.83426508813541,6.449997615677649,0,0,0,0,1,1,7,0
-95.82736090859707,-16.468024018178138,11.934738601537177,0,0,0,0,1,1,0,0
-92.50392422759005,-15.062043083240056,14.059397413542259,0,0,0,0,1,1,0,0
-71.88374349901753,-3.0,26.178683686136893,1,1,1,0,0,0,22,1
-103.17824225317864,-14.398557947408626,10.005029557169154,0,0,0,0,1,1,3,0
-74.71031718280648,-6.233790666185744,34.92231442409919,1,1,1,0,0,0,22,1
-93.58790062902042,-13.311965906114985,18.81739331636679,0,0,0,0,1,1,7,0
-68.2472844373231,-7.892774290660986,28.006481032655532,0,0,1,1,0,1,22,1
-94.58261345073973,-9.96616691014402,15.460525470031238,0,1,0,0,1,1,3,0
-68.64655901662856,-3.0,27.514848788223897,1,0,0,1,1,0,0,1
-71.32299044578814,-6.274866332850387,23.7888329359864,1,1,0,1,0,0,22,1
-70.23253006013393,-3.0,36.13400441253175,1,1,0,0,0,0,7,1
-93.7184752534634,-14.701531271756341,21.30150659774216,0,0,0,0,1,1,0,0
-67.81162517624378,-6.2375637169291425,21.44989519210523,1,1,1,0,0,0,3,1
-92.50837732557248,-9.522106648511079,16.865315088681665,1,0,0,0,1,1,0,0
-72.02287742732327,-3.0,24.43366635452171,0,1,0,0,1,0,15,1
-94.99932485526868,-15.302866338818143,12.377026150270744,0,0,0,0,1,1,3,0
-92.17823869578926,-15.568934701343371,17.404367349657175,0,0,0,0,0,1,0,0
-83.74014510949027,-10.971954326489291,20.64526794350685,0,0,0,0,1,1,0,0
-100.80180851628603,-7.2510656767762995,15.184232554308462,0,0,0,0,1,1,0,0
-70.344484329565,-6.730118765355373,23.19360788847669,1,1,1,0,0,0,3,0
-103.9562870021642,-7.802716570711485,16.47882370255652,0,0,0,1,1,1,0,0
-93.42579122674434,-6.601930538441234,18.879217949566982,0,0,0,0,1,1,7,0
-103.24650976216923,-8.191189168734333,18.12472482089497,0,0,0,0,1,1,7,0
-70.06015511192068,-8.088511601900462,30.617363775735253,0,0,1,0,0,0,15,0
-71.21169178963308,-3.0,31.517802413093104,1,0,0,1,0,1,3,1
-70.4057832356561,-7.22945731284061,24.11756473997943,1,0,1,0,0,0,12,1
-111.77960766088114,-7.000977940384033,14.551344399557664,0,0,0,0,1,1,0,1
-89.08469862159242,-10.432853135560764,8.600202663662621,0,1,0,0,1,1,7,0
-63.10177730219307,-9.784375484673433,32.67783012828063,0,0,0,0,1,0,22,1
-92.4716170348457,-12.305066978643737,14.538660020770656,0,0,0,0,1,0,3,0
-97.91550601811569,-9.297104918869307,16.501029912666944,0,0,0,0,1,1,3,0
-67.99014345862675,-4.022625171980527,25.922130561109586,1,1,0,0,1,0,15,1
-69.4180229371706,-9.578967438412064,16.783773669488696,0,1,1,0,0,0,15,1
-78.43162868335216,-7.293479296108294,33.16303173025939,1,1,1,0,0,0,12,1
-103.77870139637635,-8.891925820900287,15.646098608615388,0,0,0,0,1,1,0,0
-95.38974721544095,-7.915988165114774,11.410028116581351,0,0,0,0,1,1,7,0
-90.07216461939603,-9.018970393632056,14.029523810398903,0,0,1,0,1,1,3,0
-93.37762178481776,-7.690429320833936,7.95484238142982,0,0,0,0,0,0,7,0
-99.47657828839591,-6.925234920623803,10.203531495419078,0,0,0,0,1,1,0,1
-59.84253972923372,-3.0,29.418795021762353,0,1,0,1,0,0,22,1
-60.45156512966658,-6.817962708888797,25.153171981534598,0,0,0,1,0,1,15,1
-70.87225358736497,-8.35810743789757,28.18043640947225,0,1,0,0,1,0,7,1
-80.08940681418065,-12.477561297499456,28.99181132180104,1,1,0,0,0,0,15,1
-95.78788387607538,-11.317161730314814,12.19293221493287,0,0,0,0,1,1,0,0
-67.2988361661314,-7.854621499112409,27.07618139994825,1,1,0,0,0,0,7,1
-101.89854367580435,-12.413579890674441,14.75630778116826,0,0,0,0,1,1,0,0
-87.7985234878403,-13.15566181869524,15.113306980331764,0,0,0,0,1,0,0,0
-72.58170833088967,-10.8272918642514,25.57185733212884,1,1,0,0,0,0,12,1
-103.74777096369587,-15.679513483714315,18.45235007218142,0,1,0,0,1,1,0,0
-95.75410043402046,-8.918224967029476,14.648374050523142,0,0,0,0,0,1,0,0
-85.98207034425573,-12.140661944111065,9.234596801063784,1,0,0,0,1,1,0,0
-97.37256762827766,-9.36912612674156,15.270221936323297,0,0,0,0,1,1,3,0
-90.87671677679351,-10.119118847040934,19.99609078749398,0,0,0,0,1,1,0,0
-90.80649725749784,-7.171702596324174,14.774235612451571,0,0,0,0,1,1,0,0
-79.40869683480733,-8.033551716099499,33.83568683805781,0,1,0,1,1,0,3,1
-87.54741589700605,-13.380963730602591,15.805379412859688,0,0,0,0,1,1,3,0
-79.75951828748424,-7.232080831636441,19.454638826965194,0,0,0,0,1,1,0,0
-96.47889890836208,-10.133308503113064,7.5552252619777756,0,0,0,0,1,1,3,0
-90.0779458642515,-9.901914324240188,16.941213132252564,0,0,0,0,1,1,3,0
-69.04041053964463,-7.826097428997317,35.930277660482005,0,0,0,0,1,0,7,1
-72.9189782955866,-6.24516324069893,22.70529529462661,1,0,0,0,0,0,0,1
-89.41746528799996,-13.555553741596952,18.707423654306165,0,0,0,0,1,1,7,0
-74.44958803915839,-8.327282724338867,24.933975300503345,1,0,0,0,0,1,0,0
-82.50849438557141,-11.480404627461628,21.03948273248126,0,0,0,0,1,1,0,1
-66.7378756538019,-8.164265005303056,24.431312104061984,1,0,1,0,0,0,0,1
-77.76183473583934,-3.4481826283244983,31.49242578529877,1,1,1,0,0,0,3,0
-69.93510088346478,-8.456434559060831,35.79263874767574,1,1,0,1,0,1,12,1
-94.59086353158271,-11.890247530767008,16.21774209125526,1,0,1,0,1,1,3,1
-67.98162240622676,-7.611611924908577,25.427757475171475,1,0,0,0,0,0,3,1
-88.67358623056809,-13.190679188304152,10.353066564262614,0,1,0,0,1,1,0,0
-77.05663750077612,-12.428361187291983,12.902340428115828,0,0,0,0,1,1,0,0
-81.79257654215,-12.747470431889314,17.49673708987813,0,0,1,0,1,1,0,0
-62.483856417759455,-5.342726254759261,25.863293226525965,1,1,1,1,0,0,0,1
-103.33270106097018,-9.844905035714156,12.567008211203532,0,0,0,0,1,1,0,1
-96.60883723615065,-13.227207875935697,17.36528291540994,0,0,0,0,1,1,3,0
-62.28865829846923,-3.4040452304443347,21.599097471247884,1,0,0,0,0,0,22,1
-85.4081748838364,-7.3474837011007015,18.63041741582458,1,1,0,0,0,0,3,1
-107.48766682395555,-11.742880565594449,13.060041102953104,0,0,0,0,1,0,3,0
-91.53924438619079,-6.685178533126823,18.899007260346327,0,0,0,0,1,1,0,0
-90.04663106419686,-10.682258237931652,15.467920936095547,0,0,0,0,1,1,0,0
-73.72255723752072,-6.664735907675621,27.35553545878618,1,1,1,0,1,0,12,1
-92.30733498715652,-11.478579306686678,12.410162286081924,1,0,0,0,1,1,0,0
-90.8696194231884,-12.727308665810067,14.544334427787664,0,0,0,0,1,1,0,0
-81.17041884475526,-10.315672402752613,20.146360525148932,0,0,0,0,1,1,0,0
-100.44743635523153,-6.1283087130364775,13.877066396597153,0,0,0,0,1,1,7,0
-73.06219093034227,-9.195805047634789,27.105592951166376,1,0,1,0,0,0,22,1
-95.20690278363085,-9.614135222526203,11.440838694811209,0,0,0,0,1,1,0,0
-95.08510941294554,-7.947886260647856,16.236009424342804,0,0,0,0,1,0,7,0
-101.10445767755814,-3.7120037493236815,21.26311812481302,0,0,0,0,1,1,3,0
-84.03567209108695,-8.197122145900309,4.184729279706639,0,0,0,0,1,1,7,0
-71.81614139170217,-3.0,27.734837777940175,0,0,0,1,0,0,12,1
-101.35309032020339,-14.862740554924454,15.377879967278552,0,0,0,0,1,1,0,0
-86.20016279726333,-6.631965236308784,13.628621388360653,0,0,0,0,1,1,7,0
-61.5191558968279,-5.953070329992821,29.10606701196256,1,1,1,0,0,0,0,1
-58.702757941205334,-11.056492171153218,26.125376659321145,1,0,1,1,0,0,12,1
-91.68887771701846,-10.314874468000518,7.894529444615117,0,0,0,0,1,1,0,0
-81.54546704559341,-7.6103679084400095,10.246444581606923,0,0,0,0,1,1,0,0
-75.70593471319674,-7.381647372579618,24.157926992554835,1,1,1,0,0,0,3,1
-79.47407978542147,-8.883776659020455,29.160718943217933,0,0,0,0,0,0,22,1
-98.11847842524614,-15.633966297897723,19.593025698063954,0,0,0,0,1,1,0,0
-73.9761433656992,-11.411531421811365,26.873739037417085,1,0,1,0,1,0,7,1
-103.06314359698835,-14.220742496805586,13.695025273504687,0,0,0,0,0,1,0,0
-96.88663489739882,-9.964850746841904,8.657586501598978,0,0,0,0,0,1,3,0
-81.7929902320321,-8.35661617917298,28.19880479638149,1,1,0,0,0,0,12,1
-94.9000470501785,-10.0697011325511,18.3918349738548,0,0,0,0,1,1,7,0
-70.58683753572492,-8.291559493565803,26.902198325380027,0,1,0,1,1,0,22,1
-82.91017253378622,-8.333919314474274,10.32155999008469,0,0,0,0,1,1,3,0
-71.34945359109165,-8.380272760431652,24.79366478000076,0,1,1,0,1,0,0,1
-97.3455326931901,-9.328097714879657,17.040554862453764,0,0,0,0,1,1,0,0
-93.56579492034948,-11.682262492263236,22.129175170818847,0,0,0,0,1,1,7,0
-68.91922333716514,-7.124024789065306,34.51913386928171,1,1,1,0,0,0,0,1
-101.09858766422121,-8.52310926418589,19.424025166011145,0,0,0,0,1,1,0,0
-80.92850178020694,-3.0,21.705682686829565,1,0,0,0,0,0,15,1
-85.1896563548084,-7.2167728013463845,14.83281108849795,0,0,0,0,1,1,3,0
-102.15365881583583,-12.706333414543153,21.244746132705927,1,0,1,0,1,1,0,0
-78.02658955717888,-6.148298220610237,31.039658200891523,0,1,0,1,0,0,7,1
-102.85615535864241,-14.341013729245047,15.429794810789266,0,0,0,0,1,1,7,0
-53.40120349348625,-3.0,28.840871123906695,1,1,1,0,0,1,15,0
-80.82927006185854,-16.65842277586916,16.538893258340938,0,0,0,0,1,1,0,0
